{
    "AWSTemplateFormatVersion": "2010-09-09",
        "Description": "",
        "Metadata": {
    
        },
        "Parameters": {
    
            "VpcCIDR": {
                "Type": "String",
                "Default": "10.0.0.0/16"
            },
            "pubSub1CIDR": {
                "Type": "String",
                "Default": "10.0.1.0/24"
            },
            "pubSub2CIDR": {
                "Type": "String",
                "Default": "10.0.2.0/24"
            },
            "priSub2CIDR": {
                "Type": "String",
                "Default": "10.0.3.0/24"
            }          
        },
       "Resources": {
            
            "pvpc1": {
                "Type": "AWS::EC2::VPC",
                "Properties": {
                  "CidrBlock": { "Ref": "VpcCIDR" },
                  "Tags": [
                      {"Key" : "Name", "Value" : "pvpc1"} 
                  ]
                }
            },
    
            "pubsub1": {
                "Type": "AWS::EC2::Subnet",
                "Properties": {
                    "VpcId": {
                        "Ref": "pvpc1"
                    },
                    "AvailabilityZone" : { "Fn::Select" : [ "0", {"Fn::GetAZs" : "us-west-2"} ] },               
                    "CidrBlock": {
                        "Ref": "pubSub1CIDR"
                    },
                    "Tags": [
                        {
                            "Key": "Name",
                            "Value": "pubsub1"
                        },
                        {
                            "Key": "Network",
                            "Value": "Public"
                        }
                    ]
                }
            },
            "pubsub2": {
                "Type": "AWS::EC2::Subnet",
                "Properties": {
                    "VpcId": {
                        "Ref": "pvpc1"
                    },
                    "AvailabilityZone" : { "Fn::Select" : [ "1", {"Fn::GetAZs" : "us-west-2"} ] },
                    "CidrBlock": {
                        "Ref": "pubSub2CIDR"
                    },
                    "Tags": [
                        {
                            "Key": "Name",
                            "Value": "pubsub2"
                        },
                        {
                            "Key": "Network",
                            "Value": "Public"
                        }
                    ]
                }
            },
    
            "pigw1": {
                "Type": "AWS::EC2::InternetGateway",
                "Properties": {
                    "Tags": [
                        {
                            "Key": "Name",
                            "Value": "pigw1"
                        },
                        {
                            "Key": "Network",
                            "Value": "Public"
                        }
                    ]
                }
            },
            
            "AttachGateway": {
                "Type": "AWS::EC2::VPCGatewayAttachment",
                "Properties": {
                    "VpcId": {
                        "Ref": "pvpc1"
                    },
                    "InternetGatewayId": {
                        "Ref": "pigw1"
                    }
                }
            },
            
            "prt1": {
                "Type": "AWS::EC2::RouteTable",
                "Properties": {
                    "VpcId": {
                        "Ref": "pvpc1"
                    },
                    "Tags":[
                        { "Key": "Name", "Value":  "prt1" }
                        ]
                    
                }
            },
    
            "pRoute1": {
                "Type": "AWS::EC2::Route",
                "Properties": {
                    "RouteTableId": {
                        "Ref": "prt1"
                    },
                    "DestinationCidrBlock": "0.0.0.0/0",
                    "GatewayId": {
                        "Ref": "pigw1"
                    }
                }
            },
              
            "prisub1": {
                "Type": "AWS::EC2::Subnet",
                "Properties": {
                    "VpcId": {
                        "Ref": "pvpc1"
                    },
                    "AvailabilityZone" : { "Fn::Select" : [ "0", {"Fn::GetAZs" : "us-west-2"} ] },
                    "CidrBlock": {
                        "Ref": "priSub2CIDR"
                    },
                    "Tags": [
                        {
                            "Key": "Name",
                            "Value": "prisub2"
                        },
                        {
                            "Key": "Network",
                            "Value": "Private"
                        }
                    ]
                }
            },

            "prt2": {
                "Type": "AWS::EC2::RouteTable",
                "Properties": {
                    "VpcId": {
                        "Ref": "pvpc1"
                    },
                    "Tags":[
                        { "Key": "Name", "Value":  "prt2" }
                    ]
                }
            },
            "NATGateway" : {
                "Type" : "AWS::EC2::NatGateway",
                "Properties" : {
                   "AllocationId" : { "Fn::GetAtt" : ["EIP", "AllocationId"]},
                   "SubnetId" : { "Ref" : "pubsub1"},
                   "Tags" : [ {"Key" : "Name", "Value" : "pngw1" } ]
                  }
             },
             "EIP" : {
                "Type" : "AWS::EC2::EIP",
                "DependsOn":"AttachGateway",
                "Properties": {
                   "Domain" : "pvpc1"         
                }
             },
                         
            "pRoute2": {
                "Type": "AWS::EC2::Route",
                "Properties": {
                    "RouteTableId": {
                        "Ref": "prt2"
                    },
                    "DestinationCidrBlock": "0.0.0.0/0",
                    "NatGatewayId": {
                        "Ref": "NATGateway"
                    }
                }
            },

            "SubRTAttachment1" : {
                "Type" : "AWS::EC2::SubnetRouteTableAssociation",
                "Properties" : {
                   "SubnetId" : { "Ref" : "pubsub1" },
                   "RouteTableId" : { "Ref" : "prt1" }
                }
            },
            "SubRTAttachment2" : {
                "Type" : "AWS::EC2::SubnetRouteTableAssociation",
                "Properties" : {
                   "SubnetId" : { "Ref" : "pubsub2" },
                   "RouteTableId" : { "Ref" : "prt1" }
                }
            },
            "SubRTAttachment3" : {
                "Type" : "AWS::EC2::SubnetRouteTableAssociation",
                "Properties" : {
                   "SubnetId" : { "Ref" : "prisub1" },
                   "RouteTableId" : { "Ref" : "prt2" }
                }
            }

    
        },
    
        "Outputs": {
           "VpcID" : { 
               "Value": { "Ref": "pvpc1"},
               "Export" : { "Name" : {"Fn::Sub": "${AWS::StackName}-VpcID" }}
           },
           "PubSubID1" : { 
            "Value": { "Ref": "pubsub1"},
            "Export" : { "Name" : {"Fn::Sub": "${AWS::StackName}-PubSubID1" }}
        },
        "PubSubID2" : { 
            "Value": { "Ref": "pubsub2"},
            "Export" : { "Name" : {"Fn::Sub": "${AWS::StackName}-PubSubID2" }}
        },
        "PriSubID" : { 
            "Value": { "Ref": "prisub1"},
            "Export" : { "Name" : {"Fn::Sub": "${AWS::StackName}-PriSubID" }}
        }
    }
}
    